elapsed_ms,target_failure_ratio,observed_failure_ratio,rps
3,0.8,0.0,10.0
21,0.8,0.0,10.0
37,0.8,0.0,10.0
52,0.8,0.8,2.5
68,0.8,0.8,2.5
84,0.8,0.8,2.5
102,0.8,0.8,2.5
118,0.8,0.8,2.5
135,0.8,0.8,2.5
152,0.8,0.8,2.5
169,0.8,0.8,2.5
186,0.8,0.8,2.5
204,0.8,0.8,2.5
220,0.8,0.8,2.5
239,0.8,0.8,2.5
256,0.8,0.8,2.5
273,0.8,0.8,2.5
289,0.8,0.8,2.5
307,0.8,0.8,2.5
322,0.8,0.8,2.5
340,0.8,0.8,2.5
357,0.8,0.8,2.5
375,0.8,0.8,2.5
393,0.8,0.8,2.5
409,0.8,0.8,2.5
425,0.8,0.8,2.5
440,0.8,0.8,2.5
457,0.8,0.8,2.5
473,0.8,0.8,2.5
491,0.8,0.8,2.5
506,0.8,0.8,2.5
522,0.0,0.8,2.5
540,0.0,0.8,2.5
557,0.0,0.6666666666666666,2.5
576,0.0,0.5714285714285714,2.5
591,0.0,0.5714285714285714,2.5
609,0.0,0.32,2.5
627,0.0,0.26666666666666666,2.5
643,0.0,0.0,2.5
660,0.0,0.0,2.5
678,0.0,0.0,2.5
697,0.0,0.0,2.5
713,0.0,0.0,2.5
728,0.0,0.0,2.5
744,0.0,0.0,2.5
760,0.0,0.0,2.5
777,0.0,0.0,2.5
792,0.0,0.0,2.5
808,0.0,0.0,2.5
824,0.0,0.0,2.5
840,0.0,0.0,2.5
856,0.0,0.0,2.5
872,0.0,0.0,2.5
889,0.0,0.0,2.5
907,0.8,0.0,2.5
924,0.8,0.0,2.5
939,0.8,0.16,2.5
958,0.8,0.16,2.5
975,0.8,0.26666666666666666,2.5
991,0.8,0.48,1.25
1008,0.8,0.48,1.25
1023,0.8,0.5333333333333333,3.25
1038,0.8,0.8,1.625
1056,0.8,0.8,1.625
1073,0.8,0.8,1.625
1088,0.8,0.8,1.625
1107,0.8,0.8,1.625
1124,0.8,0.8,1.625
1139,0.8,0.8,1.625
1158,0.8,0.8,1.625
1174,0.8,0.8,1.625
1190,0.8,0.8,1.625
1205,0.8,0.8,1.625
1221,0.8,0.8,1.625
1240,0.8,0.8,1.625
1258,0.8,0.8,1.625
1276,0.8,0.8,1.625
1291,0.8,0.8,1.625
1309,0.0,0.8,1.625
1325,0.0,0.8,1.625
1340,0.0,0.8,1.625
1358,0.0,0.5333333333333333,1.625
1375,0.0,0.4,1.625
1390,0.0,0.4,1.625
1406,0.0,0.32,1.625
1423,0.0,0.0,1.625
1439,0.0,0.0,1.625
1457,0.0,0.0,1.625
1475,0.0,0.0,1.625
1491,0.0,0.0,1.625
1507,0.0,0.0,1.625
1523,0.0,0.0,1.625
1538,0.0,0.0,1.625
1556,0.0,0.0,1.625
1573,0.0,0.0,1.625
1589,0.0,0.0,1.625
1606,0.0,0.0,1.625
1623,0.0,0.0,1.625
1638,0.0,0.0,1.625
1656,0.0,0.0,1.625
1673,0.0,0.0,1.625
1689,0.0,0.0,1.625
1706,0.0,0.0,1.625
1723,0.8,0.0,1.625
1740,0.8,0.0,1.625
1758,0.8,0.2,1.625
1775,0.8,0.32,1.0
1791,0.8,0.4,1.0
1806,0.8,0.4,1.0
1823,0.8,0.64,1.0
1839,0.8,0.64,1.0
1855,0.8,0.8,1.0
1873,0.8,0.8,1.0
1890,0.8,0.8,1.0
1905,0.8,0.8,1.0
1922,0.8,0.8,1.0
1937,0.8,0.8,1.0
1955,0.8,0.8,1.0
1973,0.8,0.8,1.0
1990,0.8,0.8,1.0
2009,0.8,0.8,1.0
2025,0.8,0.8,3.0
2041,0.8,0.8,3.0
2059,0.8,0.8,3.0
2074,0.8,0.8,3.0
2090,0.8,0.8,3.0
2107,0.8,0.8,3.0
2123,0.0,0.8,3.0
2138,0.0,0.8,3.0
2156,0.0,0.64,3.0
2171,0.0,0.48,3.0
2189,0.0,0.48,3.0
2206,0.0,0.2,3.0
2222,0.0,0.16,3.0
2237,0.0,0.13333333333333333,3.0
2255,0.0,0.13333333333333333,3.0
2270,0.0,0.0,3.0
2286,0.0,0.0,3.0
2301,0.0,0.0,3.0
2317,0.0,0.0,3.0
2332,0.0,0.0,3.0
2351,0.0,0.0,3.0
2366,0.0,0.0,3.0
2381,0.0,0.0,3.0
2397,0.0,0.0,3.0
2412,0.0,0.0,3.0
2431,0.0,0.0,3.0
2448,0.0,0.0,3.0
2464,0.0,0.0,3.0
2482,0.0,0.0,3.0
2498,0.0,0.0,3.0
2513,0.0,0.0,3.0
2531,0.8,0.0,3.0
2548,0.8,0.16,3.0
2567,0.8,0.26666666666666666,3.0
2583,0.8,0.26666666666666666,3.0
2599,0.8,0.4,1.5
2615,0.8,0.4,1.5
2633,0.8,0.48,1.5
2651,0.8,0.64,1.5
2670,0.8,0.8,1.0
2689,0.8,0.8,1.0
2707,0.8,0.8,1.0
2723,0.8,0.8,1.0
2738,0.8,0.8,1.0
2757,0.8,0.8,1.0
2772,0.8,0.8,1.0
2790,0.8,0.8,1.0
2806,0.8,0.8,1.0
2823,0.8,0.8,1.0
2840,0.8,0.8,1.0
2856,0.8,0.8,1.0
2873,0.8,0.8,1.0
2890,0.8,0.8,1.0
2906,0.8,0.8,1.0
2922,0.0,0.8,1.0
2937,0.0,0.6,1.0
2952,0.0,0.6,1.0
2968,0.0,0.26666666666666666,1.0
2984,0.0,0.26666666666666666,1.0
3000,0.0,0.2,1.0
3015,0.0,0.16,1.0
3033,0.0,0.16,3.0
3050,0.0,0.0,3.0
3065,0.0,0.0,3.0
3081,0.0,0.0,3.0
3097,0.0,0.0,3.0
3113,0.0,0.0,3.0
3131,0.0,0.0,3.0
3147,0.0,0.0,3.0
3164,0.0,0.0,3.0
3182,0.0,0.0,3.0
3201,0.0,0.0,3.0
3217,0.0,0.0,3.0
3236,0.0,0.0,3.0
3255,0.0,0.0,3.0
3271,0.0,0.0,3.0
3287,0.0,0.0,3.0
3306,0.0,0.0,3.0